Method,Silhouette Score,Calinski-Harabasz
Audio VAE,0.39067745208740234,322.76572302558384
Baseline (Audio PCA),0.17242853023860166,89.21143525564133
